wire_diameter,coil_diameter,number_of_coils,spring_weight
0.052992002004576384,0.37238503296676384,13.834145059103587,0.016557985235245137
0.05265015627536143,0.37319111757621176,12.226493984270796,0.014717312520696253
0.05107481341642704,0.33536102710733445,14.533824825125972,0.014464369268570733
0.055123319747315956,0.38988959400670853,13.148083797302164,0.017946099544957177
0.05265096869018388,0.3646519669251413,11.928545679409709,0.014079818780136885
0.0522675740165169,0.3656968332985197,11.84007260331526,0.01382688191452735
0.054829782179165565,0.40422321499069075,9.989781224787022,0.014570201292705098
0.054862895565495715,0.38092880369820575,12.914558408570038,0.017100612358731487
0.05404414277893004,0.37426714992262144,13.951966967807989,0.017437861220948918
0.05519404154599288,0.38677143631401517,13.320221224406113,0.018051106233817185
0.05433693272612195,0.3842717585093036,12.561199858262558,0.016520602012540662
0.0536469774555086,0.39033563837063745,13.395651987124616,0.017295248522231618
0.05388714445707163,0.3721315317132942,13.60181043935657,0.01685938810769925
0.05241786646807581,0.35179971579443686,12.4794315335382,0.013996056153640636
0.05493565028810878,0.37967584883142524,11.990312765646442,0.016030568922681773
0.05297574945389967,0.350413651767478,14.22300881682878,0.015953891736734633
0.053985979959663984,0.3981564099248788,10.241136865608265,0.014204875898256484
0.052261785533170624,0.3703723926450968,12.083733342705786,0.014247048003499655
0.053794442058256946,0.3779983840496671,11.965217937859736,0.015276099405685627
0.05307063746512506,0.3872292722661334,13.350462452626589,0.016741649762426626
0.0536324251273356,0.3764301335028876,13.471523272039997,0.016752218424499317
0.05240104778160663,0.3700920564276122,11.742062487177598,0.01396502201125106
0.05362398355987188,0.3599808586934385,13.920339320969374,0.016479721763314473
0.053656872672181936,0.38283108319925013,11.497862042034576,0.014877257866905441
0.05196852393357867,0.3351876480774302,14.28062194278159,0.01473804102481031
0.051927511171588274,0.34856011012945226,12.646922417813236,0.013766358685537272
0.051927972927901654,0.34231007732574315,13.535215083094307,0.014339687744246592
0.052755769185740535,0.37469610116633356,11.813411057972864,0.01440522442781237
0.053144247403522624,0.38933418879494275,12.592857407033234,0.016046318329640336
0.054058791875893984,0.38610454624597335,11.4153632221681,0.015137007373249902
0.05379092437557246,0.37163645366225045,12.21168904183804,0.015282064156299341
0.05150445961551744,0.35048448437417945,12.949656325185678,0.013899195885423222
0.056202800775254136,0.39160215735591064,12.237427620926713,0.01761134488038591
0.055434195752176556,0.3977324284950614,10.78631657106739,0.01562758813590405
0.05159747164776313,0.33883661416586863,13.256732939349892,0.013762860875881305
0.05457591768102472,0.38274786636542035,12.7911184529226,0.01686226411750257
0.052804513190317204,0.34492276562538965,13.658867388125241,0.015059976430716913
0.05418091041868005,0.37758888847244865,12.399921042760582,0.01596143424250128
0.05338370667084238,0.3774902020844815,11.098986923540076,0.014091617408388466
0.054451221361452945,0.39148189268117595,12.814050554609073,0.01719494349051927
0.0531084484275682,0.37339275316287984,12.397283844405298,0.01516260003087492
0.054340202034598724,0.3570565015672612,14.67061550452283,0.0175764465555879
0.05223551534310253,0.35592656611322787,12.925796474911795,0.014495382752481481
0.05488279045900348,0.38900289383964703,11.295814060859222,0.015579019973193095
0.05355596047156461,0.39928872808560123,12.466390381887567,0.016567724167829125
0.05436821714257357,0.38853101546019514,12.019356988314891,0.016100670837444105
0.05239749559827462,0.3614333821116884,14.88672579870171,0.016756942247128457
0.053769130243365375,0.38934840350171845,11.84674579095948,0.01558662692322479
0.054578031435777025,0.39339212891755565,10.814913966241742,0.015016789580076746
0.054028586324355775,0.36681066118277184,12.485946371876729,0.01551086547646316
0.054254068448131576,0.3669427307059584,15.021472161530998,0.018384847396087697
0.054176754430923985,0.36527058588080297,13.46395290533332,0.016579109043310978
0.053320651989456624,0.38873618570758106,11.854333453010526,0.01531198544761877
0.05273383077489033,0.35732930342405833,12.610020006804026,0.014517708961150925
0.054104852769458076,0.38028947371927607,12.469364590091134,0.01610779906689146
0.05202773748738773,0.36061889241764256,11.571586441596445,0.013247958925921498
0.053789901064634396,0.3982894345357709,10.469384080898251,0.014369619857805532
0.052106278562826756,0.35366918080646825,12.87910119934874,0.01428742711412577
0.05375269456930136,0.40290835669387304,9.943318276793232,0.013903743937730296
0.05340539718447914,0.35341770757517216,13.686739398956272,0.01581216312063899
0.053483956680411435,0.38525795570739874,11.555287336112322,0.01493851406979439
0.05429563402809403,0.38448845525949343,13.82495276157594,0.017937236908839485
0.052676799648613166,0.3659532770325545,11.401835943977883,0.013609077940781034
0.05300176343951815,0.36514624312623,11.764019249984836,0.014118636169899446
0.05304785464334562,0.37847131368336373,11.035957226254883,0.013883902149604584
0.05262482577668446,0.3482870469968,13.324700948611948,0.014781233358769467
0.05305886351071122,0.3819019015922459,10.79428729845407,0.013755735179465002
0.05348850317770276,0.36871510372855676,13.281043182818403,0.016119991949353315
0.05335048068138843,0.38113633019508414,11.857838108265716,0.01503323702468593
0.05485878709447752,0.4010004756489613,12.151175155701408,0.017077716385381775
0.051194494606250876,0.3359049267949198,13.049915158318324,0.013249422385494987
0.054455215964617575,0.36645313762651066,12.8717651562703,0.016160691237654515
0.05349803286586322,0.38149391031369667,11.057450439565985,0.014256785725683561
0.05245863331476987,0.35324274177303605,12.667915220570563,0.014258557189281554
0.05532998660388028,0.39529881130496614,13.278243952726786,0.018489283379061586
0.05365915761488654,0.3708155630856625,12.85414577029446,0.015859640388653527
0.05293668979752643,0.37815781050355124,10.543605829628081,0.01329257240642424
0.05323303228585276,0.3684881931228233,14.171701725917911,0.01688658032890637
0.05342032967766061,0.3746647886825388,11.35110586233196,0.014274905665107794
0.05380890906647919,0.387593092714033,12.10601363570499,0.015830283862459906
0.05462918009740163,0.3822924093367841,13.123783846852085,0.017254624062902485
0.05657383569729118,0.3959015005553481,13.648438325097207,0.019828478925170888
0.05373651605139867,0.3758101427716223,12.683672579331693,0.015934637976016897
0.05267453323094658,0.3643635183343773,14.367964658557284,0.016547445422884794
0.053994064618022114,0.3547295696395665,15.31550815095133,0.017907076009010262
0.053611500463377024,0.36431505731065544,12.452952081841529,0.015133856394191294
0.052613503622437434,0.37551442177479666,10.549907500395186,0.013045525921692622
0.0522449927290404,0.3569739858803055,12.5891076048397,0.014215254590372749
0.0528993572697224,0.3637148481621989,13.072038937695313,0.015340299157365279
0.055290437823459805,0.37936621754143074,12.720774046497446,0.01707219485744584
0.05427359503445122,0.38205301900917865,12.338748649675644,0.016136601250974734
0.053597608229585904,0.3782614254069799,11.975928867352271,0.015186704974958918
0.05443348656219795,0.38785737323010233,12.083632637141669,0.016185236331166742
0.052982353035746464,0.37327286423102496,11.37448641028794,0.014014125981252208
0.052256538643019705,0.36657837833255846,13.135132830821247,0.01515075801424732
0.052306672401533506,0.3517014807978657,13.44954550111734,0.014866340966575839
0.05334501397041519,0.3630705279507112,12.37465806149644,0.014851700607872114
0.052817436394217654,0.3713372942412971,12.115603520619137,0.014622534541864827
0.055556379753969536,0.37694887504778934,13.087166575316608,0.017553269172684835
0.055906639272632,0.40349868328281646,11.853669576188361,0.017471641881912685
0.053418250491704365,0.3730437140213986,11.698301474559774,0.01458161968529481
0.05539477417641098,0.3950934027241268,12.068152131375285,0.01705589157304759
0.05445340776307295,0.3741862592886363,12.463758359202917,0.01604793365931501
0.0523970037925082,0.37038403029059186,11.608857477935237,0.013838430150473462
0.05491108713506125,0.3972830195179288,10.800543158481041,0.015333753777166661
0.05464301341272023,0.3830445915791499,12.156589377324753,0.01619113346943941
0.051980613649556404,0.35794091184793886,11.592229686871537,0.013145734275368933
0.053363461829132534,0.3885418635364433,12.119589575812363,0.015622404664967223
0.05154311629586079,0.34895982949219834,13.267281017779725,0.014153976833700933
0.053702218049566375,0.3816979187150298,14.038216766700515,0.017654699021498257
0.054113524361379804,0.3761285233110293,12.817150917585288,0.016319716622334203
0.05247378799147518,0.3614443484218419,12.093135416797367,0.014026001984480991
0.0546532061839997,0.3770460627876451,12.481660605988562,0.01630962833121527
0.053254683775619045,0.34373291316784466,15.619735776095585,0.017176557622203596
0.05300818928538242,0.35601358970859387,12.745476176564168,0.014750655378165068
0.05177403027192341,0.3479165204784351,12.323101165563685,0.013357834466953192
0.055008277674877024,0.37657729876765816,12.983426109915523,0.017073452903465947
0.05541376006042963,0.38495416850141984,13.309862788488648,0.018097374141791377
0.05530209358787386,0.3565269895629496,15.248385484170177,0.018807194130186156
0.05489220149923129,0.3905264592578818,11.292241950545764,0.01564119748793724
0.054674568278646,0.387174758492019,11.245591995713678,0.015330246368643673
0.05187925425801041,0.35445234768661127,11.920825411209545,0.013280373619768646
0.05260278766012695,0.3642853120394697,12.295210657226765,0.014409527509159411
0.052951424511230555,0.37095140194208553,11.692095133269408,0.014241056875296566
0.05268919216559344,0.37476542368866533,12.110130000637138,0.014680255375319437
0.05325058124432772,0.3677230207909778,12.293003148387145,0.014903662721145256
0.05581645267898434,0.3999899820358091,12.343226960296924,0.0178739463159693
0.05418103754287028,0.4039087639952617,10.718597341681974,0.015080548212666587
0.05393483615411153,0.37523620762794013,12.375732638520585,0.015691824876370244
0.05238051063964121,0.3685744971138697,13.99022268950251,0.01617034364672456
0.056431099140584,0.39341119587083817,13.11893766458704,0.018941091857410258
0.052205712168031465,0.3611589729966366,11.86922052463818,0.013651692966008716
0.054265176815780324,0.37608400006891834,13.253326840966112,0.01689242029755448
0.052656963080588086,0.3604719874428514,12.661410261362544,0.014654090989413272
0.052707061825914905,0.3637690697817803,11.783366315356165,0.013928959700288653
0.05325517566119597,0.3739074511341618,11.389686225831847,0.014199013192250233
0.05379409088923216,0.3767044102265271,11.453914287160122,0.014666230493035271
0.053374134645277654,0.39741591697363066,10.070435732734463,0.01366563758341301
0.051601447120918166,0.3518917130836408,14.612464766640365,0.015565636161017875
0.052020285393461284,0.3479305719464133,12.639777326262614,0.013783912991594696
0.05171926335875687,0.34943152495821567,12.275157397509412,0.013342820702351032
0.05532215007042297,0.36725646286825114,14.186187606028888,0.01819332667774528
0.0540213923019037,0.40049889187942644,10.970427542130938,0.015159579572112752
0.05393967825095278,0.37885741214602525,13.507304722674872,0.01709341404784949
0.05254516789561596,0.36145418760975945,11.811988977528543,0.013783993251862239
0.05390126210750959,0.38274400416149923,13.26209178405851,0.01697150380414727
0.05332536727127486,0.3551724462212307,13.1841677909322,0.015335501091756394
0.05331269444256498,0.3764324011206488,11.911038928339485,0.014883594484541086
0.05487479014655821,0.4004670895026601,10.593871904919329,0.015186994929780803
0.05559301731064878,0.380910286266862,13.391148708621198,0.018119000085714643
0.05311402261469376,0.38434687925164723,11.285112290497478,0.01440479151552793
0.05615170536304223,0.40128267657141053,12.325446307750674,0.018125269555292284
0.053982213830583936,0.37731434730117713,12.184531133914538,0.015596231993278763
0.052929908692422804,0.36549802957718797,12.521437721300977,0.014869519891580849
0.0521602646491688,0.35514312438765616,13.970532362790804,0.015431295106997677
0.05543155210884899,0.4056648745867907,12.375751521990264,0.017918928682188123
0.052656890880675274,0.37840285872016566,10.719332034963795,0.013345324507971174
0.05481064376238448,0.37032218699704317,12.973112360705848,0.016657952607076313
0.05478000067207878,0.3838440419713081,11.452920395586972,0.01549585139083108
0.05225433224907936,0.36016917637351575,12.266807339776188,0.014030654936036823
0.05533257098681397,0.38584883129484554,13.25928187904206,0.018026565233776444
0.053760250423895026,0.38678321227424906,12.208937751731924,0.01588370431181973
0.05244466528404938,0.3727811910877715,10.613652585219365,0.012932946848629048
0.05098988719661126,0.3393722136265076,13.106367404537563,0.013329210502782058
0.05220801029945955,0.3488860013327868,14.325126993791514,0.015524384722307901
0.05162567048973849,0.349624937377022,12.576467357437675,0.01358269961364614
0.05431009574627032,0.389688085333483,11.622222594663214,0.015657637599715904
0.05380904158045603,0.3629343381910678,13.371884307025507,0.016153464458212235
0.05239237574738532,0.3668912170101349,12.886836514962608,0.014992564246763004
0.052316141954029796,0.34767175122905936,13.630223497342389,0.014873254599603657
0.05238885157154212,0.35892987642327323,11.836660135542408,0.013630715071259009
0.05235563242186338,0.37056599494692677,10.966274756269565,0.013170661974212846
0.05442997532500514,0.3725866482481898,12.54797306905985,0.01605853974988371
0.052142051479690914,0.36449140028795524,12.12076713147319,0.013993353497572351
0.05237835114610365,0.3708198398624106,11.743223873285864,0.013981547060150088
0.054849221633447555,0.3999035066116238,11.5901952668184,0.016350153973670147
0.05408227157931936,0.37240781049435195,11.943385800840032,0.015187870109050794
0.053781237918824734,0.3717136207787759,12.28683520294575,0.015360526413274208
0.05378041813573842,0.3921248500640053,11.104959499630349,0.014863065706672037
0.05196223351174096,0.3507008153667928,12.519185713194739,0.013748479054829676
0.05329433898098158,0.38250989481392833,13.058051391085321,0.01635963496292705
0.053806046533716546,0.3668854172585015,13.08215848473963,0.01601976407497891
0.05361419262435336,0.37269776439820423,11.528529728540835,0.014493288213864735
0.05289639469634241,0.3811935611011698,10.947637136491949,0.013809826448386426
0.05291622656194581,0.3570741915621794,13.522035598205315,0.015519755361165793
0.05215088138534445,0.3619675275852851,12.252097297845106,0.014030453066043051
0.05220728847643196,0.3563085083316646,13.184772456787837,0.014746764900513057
0.05369076286415622,0.35519427616029026,13.769926758909785,0.01614710927319645
0.05288590155529262,0.38269581831246013,10.97530059488322,0.01388836011924977
0.05477166640033963,0.3859140318580463,11.869732768493789,0.016057227922913683
0.05258138021507767,0.37513792952795944,13.098708803156002,0.015660107895715786
0.053214301560674936,0.3781509935002366,14.558024590590414,0.017730888622289824
0.05408741710939589,0.37514938784989826,12.492228144250346,0.01590493467515114
0.054814502376540175,0.38478878626900304,13.092639028245715,0.017449321472244116
0.0529424842362193,0.36284542321925634,11.82285058634235,0.014058141006252555
0.05419697548451683,0.3951508513296532,10.186089200762297,0.014144167041809895
0.05250102602889068,0.3569162339734683,13.289432949839084,0.01504157322975663
0.05075296370470736,0.3266883721824142,13.671607981127902,0.01318773015140176
0.054949417069218784,0.40011534987329284,14.302762551638875,0.01969575326535344
0.053188710040777895,0.39295755124647624,10.336129682664795,0.013713979010909559
0.05348979370754517,0.37993704290927893,11.662746932687421,0.014852224608764572
0.05200506262485555,0.3482613510038722,12.796508167161631,0.01393656568449777
0.053548820830680584,0.3841324666790301,12.540434074181782,0.016016153060743034
0.05346218013832349,0.3762322079220151,12.540714476372198,0.01563633792806941
0.05212161236420523,0.3613865605946144,11.357129783091654,0.013113566639464409
0.052675533558894976,0.3546638974224203,12.633258258044505,0.014400444785573127
0.05450139905209369,0.3769399459362867,14.360842971292886,0.018318636368591122
0.0540216054398248,0.38124066537932766,12.427280383495532,0.016051612396691235
0.05311836095373284,0.38216721117101515,12.980750802132867,0.01615386073482593
0.053572274848977974,0.3629070813514561,12.693545377625567,0.015303903470304971
0.05216364409381329,0.36025908500374654,13.671838958045637,0.015362813137141065
0.05321119213442251,0.3935672769129011,10.642046349766943,0.01408777276788584
0.05240267840234281,0.37360100816196173,12.748856866078953,0.015131199968680037
0.0524634845819289,0.3712185831720679,10.787873954305306,0.013065989990797009
0.05152532990360589,0.348354725788348,13.590138033994146,0.014418272499462006
0.053622724639022845,0.3571716022827584,13.951822234348356,0.01638268111246983
0.052607002294691486,0.36966962133488057,11.279754943171893,0.013585978836078793
0.05187021356348816,0.3349800781849539,15.057293576501225,0.015373231816460865
0.05324435024586925,0.3853808883841079,12.48356283993035,0.015823867753410773
0.05295566668975435,0.37129065380120324,11.210436695392655,0.01375485673984895
0.05223560564024596,0.3428249229234524,14.767847121036425,0.015684943608560955
0.05464079033451094,0.39232524742597086,10.709108472919755,0.014886592099193262
0.05322683522489569,0.3587748753034873,13.098376074285557,0.01534664863456319
0.05335727797727516,0.3915990874368908,11.961345067963826,0.015565255867191275
0.05413001593220346,0.3726700212214435,12.037271380858332,0.015327928436827568
0.052402511885793285,0.36367474318440807,12.502483739072492,0.01448304027258109
0.05289105724575927,0.3740230494239752,12.810950626339533,0.015496934500187682
0.055444059380770634,0.3845745431162115,12.613442031035657,0.017275995961993137
0.05239182607268087,0.3613667376136582,11.612808804534554,0.01350277376064462
0.05461637323854263,0.3973426699146543,10.711003663762872,0.015065750296533086
0.05483117828416776,0.3639796842900199,13.621884730175662,0.01709486715564683
0.05190942978306904,0.351812177577779,14.217994908944652,0.015374483836522429
0.05427717640075226,0.38955550087433016,10.686122777099369,0.014559040197137772
0.051866616443022824,0.3566213121378848,12.269434551384697,0.013689572692859128
0.053116109944407026,0.3853747055047168,12.633763628668799,0.015910790744728447
0.05202521935287952,0.35952596019604477,11.955870903052178,0.013580477434270008
0.05232720836909116,0.3711480272601268,11.12454582511198,0.013337872820626694
0.05274066579693414,0.3654717769947654,13.832800111813048,0.01609543763847168
0.05435925579861061,0.38423213947179885,12.17704090425718,0.016096308470123534
0.05545737178068213,0.39096022397805713,11.620828892129401,0.01637776667377505
0.0520811868606623,0.34968479375984524,13.655784130896535,0.014849550818328207
0.0537099864492317,0.3790971640506271,11.355996110847832,0.014606188633682817
0.053735513268387235,0.36035585503871786,13.695034654777729,0.01633114612830815
0.05334916577604739,0.3689378822138095,13.850088503437904,0.01664332935430488
0.05361713701893461,0.35648381379186134,13.823549714730447,0.016216270196359982
0.05303289405988903,0.3718347012385253,13.071295566136842,0.015761268223359253
0.05462507383435196,0.3866213800374418,12.176150312119749,0.016354160294700992
0.055001231232104056,0.3705899927564838,14.168381930383656,0.01812612915814789
0.05414726996714986,0.3757679003616606,12.089790832233605,0.015523060637644416
0.05421747231938914,0.39106610374404843,10.815132605863774,0.014731664231015955
0.05431183682317938,0.39471994349114636,12.208671429115833,0.016543657223460944
0.05281356738974569,0.3786370228230718,10.393965467886037,0.01308953943502234
0.05309702100309654,0.36427363051488776,14.416769002445742,0.016859928674435937
0.05314951829056169,0.39200496263583434,11.34987464008032,0.014783164790548116
0.05581520250058473,0.398006582646119,12.501505789318642,0.017980773265961397
0.05531690376014564,0.3861766757124002,12.083187448353796,0.01664189304208962
0.05540960523627391,0.3999728598331581,10.938461312064828,0.015888513485942432
0.05330295055539506,0.39240677682477293,14.292197005063393,0.018164299394035258
0.05356962098552461,0.381445185871876,10.898287098345342,0.014118915043776336
0.054265186198120714,0.39632286812971096,12.281436365534836,0.01666723720814341
0.05594049314690114,0.4223234917853261,11.643982875003731,0.0180317960501807
0.0555665895904199,0.3924536166056131,12.215021271354896,0.017225162787549007
0.052130461422080304,0.36659372550783886,15.819765058132585,0.01775293403393314
0.052073373431441146,0.35807069995877144,12.442366599297127,0.014022923871540754
0.05303790289535983,0.3755672004305319,13.69536455209767,0.01658180302713401
0.054135709826345926,0.39100744454071035,11.938990925361098,0.015972909563657205
0.053095099005538715,0.3737045516771656,12.1289159231339,0.014884906064086214
0.05393223583530436,0.40634754601147455,10.393999368495324,0.014648931928224366
0.05251057602030436,0.37288326554505846,11.488244828091993,0.013868257547011447
0.05357822677933143,0.376012187310167,11.263342669286514,0.014316326153799084
0.055044514118533526,0.3808277663791069,12.725954290151432,0.01699182938518735
0.053231370312135026,0.3435598608010336,15.504862156448448,0.01704105215678418
0.05620032518243982,0.3989445856157157,11.731698582959632,0.01730272455076341
0.05284178194222581,0.36286643552513714,12.988066083261485,0.015186136772950137
0.054591321296210533,0.35781728449518196,14.217292549350017,0.01729365848747072
0.054424825941106814,0.3785859731002883,11.718827072796342,0.015384224126745758
0.05215217144927161,0.3565455319148128,12.716428117692093,0.01427125622236316
0.05215509580415087,0.35710982567061544,12.155936608027583,0.013750988024905833
0.052805902216525424,0.37098112964150315,12.103378513833462,0.014589483445007167
0.05687504211801571,0.4152694628275547,10.796863022987923,0.01719004366877127
0.05334788365259024,0.36820243894420734,13.473155304141713,0.016214364664474724
0.05417021036087893,0.40492021181379523,11.12619407370226,0.01559657796957213
0.05315353281230451,0.38179214350356716,10.678304169845036,0.013675790019334628
0.054063270024907385,0.34941887715470166,14.659260852440461,0.01701401115905648
0.05344242208173272,0.3841899783855637,10.626895460705072,0.013855266460731585
0.053078518787662565,0.3792419056624962,12.111068099769374,0.015076960526711316
0.054193210253866815,0.39086038308160376,10.453066253747327,0.014295116805639973
0.05328137971262214,0.384502022789077,10.382399635425529,0.013516192548206284
0.05428171529021046,0.366892431527882,12.998147619397113,0.016213751123242463
0.05308806824205877,0.3841018340500403,13.63750321708744,0.016928077480794602
0.05293374247921479,0.37965893277625484,12.684492443364597,0.015621321230607959
0.05360476334735071,0.38153430463567173,11.993814314506977,0.015341805249671749
0.05588544481596628,0.3897130390995353,13.045788859086684,0.01831290842769634
0.05520571495668128,0.40243442110983413,10.701349268968828,0.015578048652831087
0.052544250926524566,0.37564179845773543,11.138632218234708,0.013626191156697874
0.05372871483435526,0.39055395023049977,12.368339700506798,0.016199459600661926
0.05380154271334193,0.3935626496406959,10.205366398433998,0.013904460886078182
0.053413960449666356,0.3538997181195759,13.90377932308606,0.01605795064204736
0.054747961392673156,0.3957824448919708,11.695805640664558,0.01624725571462673
0.05603658942736004,0.3741560217900388,13.569566139239166,0.01829248213807912
0.05440351116180345,0.3738397620591533,14.155619692564628,0.0178756964857823
0.052262080223329496,0.3579645863026391,11.77149154389151,0.013464630131156065
0.052832670435892605,0.3626665995910668,13.324118775563148,0.015512728629438945
0.05201829674803223,0.3629248627360939,11.502159785507416,0.013259654868358034
0.05390204746532656,0.3593240297158855,14.41772537648634,0.017139958760151303
0.05237327684115324,0.36284193902384004,13.374038004509899,0.015301179995247027
0.05460268683068359,0.40673017207560513,10.09482634972568,0.014666755591596825
0.055278964272189236,0.38717900143009526,12.676927851826923,0.017364678599739773
0.05281917479823354,0.36234017613642744,12.052370060403028,0.01420526346540515
0.053322104412327306,0.3706578236676084,13.137172220701672,0.01595263708939346
0.05419063941037219,0.40663409620793917,10.795872596663589,0.015279961131507916
0.05507052752193977,0.38538737329566597,12.739907274475204,0.017227835100952438
0.05360117109997752,0.36653419269152465,14.076301700252326,0.01692969754887697
0.05494978541153881,0.3706888716292174,13.48710408685859,0.01733451787386053
0.052618842448582566,0.3419163766410441,14.48073881553063,0.01560195996394284
0.05301899889283153,0.3680906414920867,11.397591429013719,0.01386259551691486
0.0544778708433423,0.3984358406776845,13.440801311241557,0.01825864243776513
0.053230387221593026,0.37619973685614383,12.782123331909283,0.015757037178229728
0.05365329100807529,0.37734207188053903,12.800296170636862,0.01607675405963683
0.05401840659177837,0.37683249441601635,11.430118288962264,0.014767661255418119
0.05642541559559523,0.3861971793611297,13.633756720851745,0.01922303603725346
0.05498647618503627,0.38998458456888685,11.53102396893936,0.015954745511731372
0.05298804679884544,0.3677568464964467,13.282420476236531,0.0157800630340444
0.05634249944449288,0.40159821304471716,12.096881624889715,0.01797161237109092
0.05615298572210668,0.3733316429893405,13.902849472333209,0.018720414311300077
0.053360048635669656,0.3824219772155822,11.632539911069136,0.014844037878319364
0.0530007584040776,0.37516132251965273,12.255483806902129,0.015023260140038096
0.05329710979445617,0.3879816744188552,10.542084161119009,0.013822552273879298
0.051224679249800995,0.3339478259215131,13.922818487604104,0.013952661567537779
0.05354084853116884,0.36584909772976376,13.199214150180724,0.01594019470296863
0.05226549153594419,0.3542589208301685,14.155640914748087,0.015634178469024197
0.053599389409632534,0.36904534194772304,11.943218187683529,0.014782995209621912
0.0532913039771707,0.3745174251469661,11.237270830536985,0.014079368552072046
0.052457042112544185,0.3697931130196854,12.090472640957064,0.014338112266757765
0.05308188344608082,0.363698834396811,12.393224171118497,0.014750021277569263
0.05177296180386182,0.35374166473635393,12.67205840454929,0.013911798659360156
0.054731727156815006,0.3813645693393324,12.330373728288922,0.016371036084564812
0.05187236872807172,0.3460340611342849,15.418855773064823,0.016218498075544395
0.05439068344674617,0.37762904246123946,11.816990632094637,0.015435755203926404
0.05241442520886214,0.37236859982849024,12.01466250571728,0.014336969146646894
0.05432503904573409,0.3768475620272072,12.65233071864919,0.016295681091017686
0.05241838057738935,0.36652641544484865,12.750520593695311,0.01485524528452349
0.05304148358578376,0.38957206235069175,11.153349935200705,0.014416356210038
0.056124163031465356,0.38531106489826905,13.426601977970428,0.018723261811937512
0.05427018559600334,0.36627913266183443,13.6058407211276,0.016835342678982464
0.05458793094991566,0.38469919368392635,11.358478879272042,0.015313397334161248
0.05529676448063914,0.38644363568390677,11.846175911962037,0.016361211001209516
0.05192271030198055,0.3440727753894889,13.437484741801562,0.014319951926975046
0.055319553386807,0.38855164108721263,11.4690396935608,0.016015581465160175
0.052124792334639625,0.3495235181484468,12.90518376902312,0.014154756852822992
0.05386062254057793,0.37207279509953084,13.77388491114163,0.01702587036311856
0.05586885212226189,0.37928101073527687,12.937789259246394,0.017684261356907146
0.05253780719576202,0.37337529874309333,11.740701070147155,0.014161144668633406
0.052739237062440956,0.37124792014407354,11.797378465587745,0.014247159696452537
0.05189636411143037,0.34325737113124394,13.198661367102037,0.014050736033347909
0.052153698580331,0.3521097165191419,13.377246566062702,0.014727424775578871
0.05331776600783982,0.38066014387100855,12.494227188016698,0.01568470520326003
0.05342655605448801,0.3658549546245045,13.006414056262432,0.015671126848643368
0.053228984983624945,0.3552160458069167,13.09406756295788,0.015191310293234655
0.0523626640588143,0.37171924303528425,12.46563137062516,0.014743340846083348
0.05195871932610737,0.3557854409898298,13.627308824758583,0.015010295543531076
0.052569443952116934,0.357663235459546,12.277700040253338,0.014112349427201049
0.05385780697075595,0.371163404525048,13.97561410851426,0.01719966713799058
0.052601958026743036,0.36830028792912256,11.947890705093295,0.014213937935375032
0.0526624746307701,0.36664031776740874,12.056196287755192,0.014292577628630225
0.05302994147943949,0.36794079749378233,12.132244750054547,0.014622828658663647
0.05327373911383546,0.37653676540712816,10.891838638199006,0.0137768080571534
0.054349079665693044,0.3935402140376887,14.798062117576325,0.019526872424672458
0.054642365944426494,0.3899714746645852,11.587831162968618,0.015821293003500974
0.05479833134988584,0.3915423089168331,10.875955427737177,0.015138848063768522
0.05245767583624172,0.3646835791401414,12.066969910714105,0.014116754336380695
0.053023584746245266,0.3548308675494684,12.90157272282516,0.014865915874385531
0.054329690753745274,0.3954757155459172,11.53627402418718,0.015801322029924236
0.05323520587549147,0.3746938910256315,12.009588405074277,0.01487646909784882
0.05379855234840702,0.39024527638734335,11.330823891429114,0.015056908982298741
0.05338444829915465,0.3869024266223376,11.794266667472511,0.015210013122680143
0.05482820005271019,0.37307907170796456,12.826269995173156,0.016628028857914805
0.05289995695594657,0.37146172025538404,11.644831452202258,0.014183809129550667
0.05305069792429117,0.3865972131673073,11.9069371688449,0.015131166671459573
0.052601581868778086,0.3468747768586222,14.370614595180658,0.015712139083092245
0.05172049275330314,0.3493293167619004,12.208629613410748,0.013277384601668331
0.05510130781500104,0.38846592676270864,13.843136506042942,0.018686067342763166
0.053489918956010296,0.35976996219207624,13.930428332192117,0.016398202056619668
0.05378126395189061,0.3874383353407717,11.027869323516073,0.014599500359167891
0.05280641141190022,0.37204692614270907,11.654051109042276,0.014165521082596748
0.05322817499274327,0.3524901311814531,13.334750290796219,0.015314641071909453
0.05300742077793941,0.3443715435167044,13.947196647734316,0.01543067600960835
0.05451042713190692,0.387991284118394,11.830951738805519,0.015945318766059015
0.05374464958336122,0.3743029606661781,12.163649606687818,0.015313304125845978
0.05248825501369094,0.36801608612459474,11.561595602915874,0.013749973516740724
0.052553663820274946,0.3773151046952443,14.116010176160753,0.016794524853308845
0.05492642582866409,0.38107407075807537,12.865756737398707,0.01709067045452551
0.05288801864824476,0.38566617387564806,10.416572159691864,0.01339454176339236
0.05355803674720488,0.37768087564585806,13.035349788066588,0.016288752643037124
0.05323943337011953,0.3655619917662739,13.261978554776285,0.015813890347817928
0.053993123524890635,0.37596824277790675,11.964058722901566,0.015305225535416096
0.05320410798708775,0.3571959899389606,13.138004206279287,0.015306134621447316
0.05289130117580526,0.3626101827133913,12.212297066698444,0.014416929497287612
0.054283972997506404,0.40199789088465504,13.109423208306788,0.01789842894168682
0.05521697892073043,0.40207533530349676,11.079619579831007,0.01603421964303078
0.054049362306123484,0.3920472908858993,12.033171185528008,0.016072203731864382
0.05178412336122013,0.3512195612123113,12.099130750492206,0.013278966988002065
0.05239967651200782,0.36112134706247,11.940399354233357,0.01382246786066407
0.05397174542178041,0.39209673589936705,10.277136801511181,0.01402242895774539
0.05371964256515303,0.36615124075010724,14.075051285290076,0.016985530127020473
0.05154232849658357,0.3523051859323394,12.827871362842288,0.013877969055657345
0.05383857979877878,0.3718360800221626,13.409678075704775,0.016608571644442443
0.054002138413267425,0.3877379092825262,13.25192793275206,0.017245862692658702
0.05302840832553029,0.3615618905853553,12.527060520631824,0.014769900783238853
0.05479399601430165,0.385606669357765,11.366229780574626,0.015474599122331336
0.053004701632133645,0.37886329909109245,10.714131621434488,0.013533122972260295
0.055341364282791475,0.38286323733305033,12.795150579950317,0.01734853390936319
0.05274374985350152,0.3787235578172251,10.893948788654612,0.013584706739077704
0.05442720115534714,0.38574336512532836,11.835745730961618,0.01581004262052199
0.05460227589407147,0.37401992928417466,12.276432566546415,0.01591973859175349
0.053771258668293014,0.39657672746583433,11.235252217853445,0.015176088535155194
0.0524265114863648,0.35580686581057946,13.684746169074316,0.015338883165880746
0.05233525730192962,0.3530575810005857,13.343812578966673,0.014837733063886773
0.05344261158287418,0.3804763708291533,10.783668032609679,0.013891799934879073
0.05405563708257215,0.3730843073710054,12.450042519843581,0.015752811910874562
0.05229759942980081,0.3656603327670773,14.616928335249282,0.016618510874054335
0.05119908671021163,0.3431371188042456,12.339971474658874,0.012898535875981497
0.052517288799468445,0.36790731680751315,11.505332779640463,0.01370403029717103
0.053134272463693344,0.36776078742426765,12.231323911646873,0.014776112907061316
0.052862260965765726,0.3727587899500853,10.994810160943864,0.013535967448831185
0.053336988735020935,0.3667697945793615,11.878719538603653,0.014481046480670945
0.053405560040142006,0.3993290482532468,11.791365654824398,0.015707646670417692
0.05513388340688031,0.3756147576587696,13.426013938788326,0.01761300804711517
0.05581043515587528,0.3997942313078217,10.922895763791965,0.016092635779494227
0.05139461046796411,0.34544300827869884,12.183720258189409,0.012942009724724094
0.051583883025480545,0.34091933460873547,13.209799767663796,0.013797588576518202
0.05443541006014236,0.4008854565953965,11.82143497871789,0.01641861176741076
0.054256514074406896,0.3666009282152474,13.303051337936665,0.016514878013242647
0.05194132066464278,0.35749604319533285,12.675396888306807,0.014154256788610882
0.053541264837970004,0.39772028761575234,11.732086905045968,0.015656386761286355
0.053175495441912767,0.35941815184317955,12.591004203673386,0.014828877556573644
0.05165316541283953,0.34263164391645823,14.285624581876547,0.014887637013667548
0.05547154355594077,0.38001961879341745,12.741016475971985,0.01723748697793351
0.0539093938089258,0.3908833957203258,11.92732878163983,0.015821364907703517
0.05285466526959642,0.3724497629155065,12.049584332561242,0.01461833234298
0.05320865361655715,0.3907237550458033,10.530342404409826,0.013861087154550155
0.0537105506539355,0.4010899758577583,11.399663292820708,0.015504397828439041
0.056450296221747846,0.39956939488769194,12.159941754840016,0.018029601728316153
0.051907801624215114,0.3553962780053351,12.766997535475863,0.01414068181207727
0.055050905515276256,0.3844838497996887,14.034946583075948,0.018684201978765212
0.053159296619705386,0.37343994459908936,12.014609637828233,0.014789729373096746
0.053309658067238114,0.3967910963869971,10.543189554227604,0.014144307770791108
0.05338351076643325,0.3860761427872254,11.6139768375191,0.014978634949618132
0.053654911020423475,0.36908796106356945,12.986131085784633,0.01592349385641966
0.053713630981574466,0.391496460279794,13.366538349917084,0.017356929771981774
0.05371739512817355,0.4006047971650196,11.70700673528827,0.015844869295058107
0.05212612002000103,0.34721867003254725,13.19009485057636,0.014330929326360618
0.05184680717077252,0.3515103833583251,13.436545966687051,0.014585869461010216
0.05286680700787172,0.38405264430169855,11.961750989339672,0.014986382397159315
0.054622710077678174,0.36681904597730713,13.157841275701529,0.016589592539639916
0.053730773280826274,0.3821439541738908,11.709219832157315,0.015124670267754417
0.054828510270353965,0.37722490373147477,13.944080357958116,0.01808059519121891
0.05298980434985858,0.3825834788298941,12.300321393955066,0.015362314154790582
0.05310493958123112,0.38530192439594285,10.061815520489176,0.013106408445903467
0.052893868056365395,0.35967259169549437,13.978931929734468,0.016079248459991213
0.05287993128093932,0.3727392829518433,12.58926175645704,0.015206184163379943
0.05465550868534625,0.38125753290400843,11.657781410492186,0.015554873096197356
0.0557500107848921,0.3892300501534324,13.134096274539663,0.018308500070418395
0.05506732641840336,0.40536011922691856,10.275614786572698,0.015089409812115252
0.05357637968406057,0.4007661398542107,9.370262885755347,0.01308001538376535
0.05327915044075327,0.3897418767695466,12.805678743379092,0.016380229273716723
0.052827753363424955,0.3844928421695182,13.005828521408782,0.016101729322950876
0.05346438237149576,0.3545442806526686,14.446034960096284,0.01666712917575133
0.051005375883692416,0.3281322001633304,14.182125885761355,0.013813900731028918
0.05271640736080104,0.3720260921021046,12.412162628689199,0.014900270921103678
0.052981094381405115,0.36102147408817786,14.232533121353494,0.016449821230469824
0.05228531824066404,0.35868956136416963,11.835813596910047,0.013566972721922413
0.05471276255222066,0.40080416698115856,11.344260127643672,0.01601046755231824
0.052074045644962576,0.3569805159381621,12.553155563509286,0.014087837173365309
0.052703567827346635,0.3716890393612182,12.341313070599082,0.014806373603262046
0.05297882108985729,0.36505017134490864,14.682967545380379,0.01709347816049009
0.052812315975770796,0.3630934524182049,11.768141532725517,0.01394325484661011
0.05364165596023192,0.38677813745043615,10.625583879971796,0.014051339984570279
0.05193674451430489,0.3622550934758677,10.9901079338257,0.012693363227440163
0.05351060852822453,0.3632179992961119,12.378336440522233,0.014953945140418428
0.051637133619869664,0.34966777177824626,14.214452810527119,0.015117575849244828
0.05354075325625372,0.3585435101979401,14.773185571972213,0.017239567717208904
0.053054581078049105,0.37049680369582366,12.890983024409351,0.015529361990867688
0.052730569052445025,0.3539953046858681,12.990784706378541,0.014755257227473936
0.05430296821055045,0.38020627152685066,12.824771193191761,0.016620895277466984
0.05304555264082113,0.3713125650425166,15.186774464292712,0.017956925482255748
0.053095124614691534,0.3635666682038155,12.744013790615558,0.015111552264807461
0.052727369298733257,0.36515792129884383,12.155041361125715,0.014370241822697529
0.05548319166264105,0.39118315793982855,11.838217611014583,0.016664150368118125
0.05510759004299766,0.37351640602723735,13.516101417809413,0.017600099767597976
0.05216366901404778,0.36561773732199737,11.679975775626936,0.013609709214226638
0.052857169052987686,0.3718052718540233,11.238026986239122,0.013751390153768745
0.05326713047314268,0.3659785512412849,12.281694613947204,0.01483043806216638
0.05268701737233911,0.37856433141501533,12.348836473369534,0.0150786897553807
0.05393155305748459,0.39123641066959003,12.802073447815415,0.01684409469444019
0.05249640546650226,0.3736587031318668,11.932202639049494,0.014346766151374002
0.05389781220580998,0.3729695175574127,12.704236580603506,0.015931552318904724
0.05189473175598111,0.35005051910787793,13.317503350668684,0.01443993548464272
0.055091624655639444,0.37115423527265584,13.461523707976873,0.017417181248469436
0.0521191329117952,0.3664968623804237,11.409050821303884,0.013349428128909654
0.05380382798523263,0.3850315780059721,11.017136767526875,0.014509022968438525
0.052288608177614285,0.3617231056425358,12.418880336488769,0.014260079683255784
0.053465870943219966,0.36890132999716424,12.84222336479966,0.015651734616686366
0.053672336299709085,0.3805757405167256,10.91424842492855,0.014158304151715753
0.05363190316036731,0.39588138685146856,12.61141186039143,0.016638098173335305
0.0543852446379032,0.39233422885332303,10.63921484344095,0.014666904642444396
0.05256434756660022,0.36957987880739995,11.079703982762885,0.013356380735564173
0.053692580571390695,0.38535623219039833,10.858585689563672,0.014285128303525362
0.0528078713643128,0.36153102656069097,14.039882700883645,0.016171268425842655
0.05463991740796705,0.3672611049852092,13.537261893698998,0.017036072952997017
0.053852439438892,0.3781691612002278,11.402757498376559,0.014699109733608922
0.053521777625927504,0.37840788883434534,12.757865245933461,0.015997229700891024
0.05268052427368901,0.37008690228219165,11.387129851846284,0.013749641285869967
0.0521583274529022,0.3676478841076584,11.118269450044213,0.013120667535140218
0.05290598623198845,0.3770829784695393,11.46509993947517,0.014212030769645485
0.05650196640388269,0.39628228537626164,12.403346951989418,0.01822196492293413
0.052272968579282514,0.35212524992642485,12.41012080881918,0.013864975891023486
0.05508494951150366,0.39129328674574565,11.287142515499411,0.015776109121666715
0.05328403574697943,0.359935373559037,14.107254412506805,0.01646039567182167
0.05490732954169914,0.388304358290845,12.811635167037283,0.017339473855317773
0.05374140191322984,0.39944470863074727,9.516071190170234,0.013285533419676062
0.05389364425717017,0.3759315354512993,11.416219371739514,0.014649203501393645
0.05330614623015749,0.37541652878961085,11.514629460818613,0.014416907277158523
0.05338567973959253,0.35543767040238977,13.503007465044554,0.015704675369979854
0.05271489356764594,0.37567586611334225,13.52896735908216,0.016211475393694722
0.054514890582456246,0.3747522342076991,15.097095704173103,0.019041311726331056
0.05462787849172426,0.38765547782547094,12.190929123165045,0.01641668350867794
0.05226107459793627,0.3595876408411973,11.69680940256688,0.013451813572631675
0.05334261350165214,0.36308689684201645,12.495946617354097,0.014976341592122997
0.05330963430416989,0.3671501538891199,12.598612053795776,0.015232342243161064
0.05327767794614398,0.3784704410280937,12.989823849294108,0.016103455302685733
0.05327156932154019,0.3783249090474353,11.138698436519906,0.014106142366114995
0.05266894661255056,0.36788500433364246,11.189059117687208,0.013459693346715724
0.05119717215851473,0.34228190454386714,12.516604698266065,0.013023896549782586
0.05299133733606039,0.36295811218881024,11.867467635505013,0.014133946014849541
0.052671727770974286,0.3790013038364479,11.6436873492266,0.014345893156133546
0.05471027816055176,0.3980378317092801,12.430727592287127,0.017192951025676338
0.05349127895352795,0.36937071735093974,12.241941981944017,0.015052118846657764
0.05394385950984018,0.3556160803583375,13.687880222671742,0.016234154949176852
0.053676721745808245,0.3948612578813996,11.825133775662088,0.01572844669192886
0.05500259186891447,0.41055276156476683,10.779740116990805,0.015872937646377136
0.053771722568744525,0.3776787248526434,11.323249318413078,0.014549248932830432
0.05262852727016596,0.36217526865237787,13.582065037996633,0.015630981097113566
0.055038021308059064,0.3925599201234616,11.264444117397648,0.01577322996253579
0.05236527516924869,0.3575718858800468,11.930990200327136,0.013659416000546593
0.052763223640048464,0.3787757948172412,11.392701382336888,0.014122547581301596
0.0525158498920947,0.3733875465569151,12.472499051738147,0.014903358735474905
0.0535133065665882,0.38028190869978906,13.7514616351489,0.01715339538417903
0.051633408149547096,0.35462958060726774,13.236774919158803,0.01440554174165809
0.05408901960811608,0.38915544521279627,11.18997772947884,0.015017076505183797
0.053646817491214714,0.3782174189274033,11.313047565449393,0.014491286299542171
0.05146208039293453,0.3412849545745629,12.855275801617758,0.013426800624066459
0.05184151232207284,0.35453850149975624,12.065744039841,0.013402364942651793
0.05175528912120242,0.3544742331444524,12.805700068207795,0.014057985692352224
0.05481017740488924,0.38013734874276256,12.773614960396312,0.016871346031727883
0.05392137665210687,0.37426529813466863,12.511724726994355,0.015791396416880026
0.053703932167235076,0.36109779653288665,13.086544631364905,0.015711830723676132
0.05174121794300261,0.3546632471434637,11.715678579057222,0.013022872236610687
0.05448562351588318,0.3963917878420168,12.051095012763053,0.016534789460091202
0.05358169173780463,0.39683838063357546,10.941200264874377,0.01474419512450618
0.0536195617900193,0.363250507159252,13.809221067075793,0.016510613933973548
0.05423737099833423,0.38135761885049974,12.318369673767952,0.016062874215637308
0.052474164907301175,0.36154424574455013,11.611043739282618,0.013550145385566223
0.05212847882882429,0.36651970026517466,10.854046886371021,0.012802279550151546
0.051828998238553345,0.3402951688084609,13.450199207385534,0.014123277629925228
0.052330196564658385,0.3575747189516796,13.49625125407183,0.015173933884472026
0.05347110468086411,0.39387173819172505,12.955190868423962,0.016841667645582512
0.055627297185235125,0.4087103791081764,12.291749298768012,0.01807494456387093
0.05226659503702608,0.35387856762109066,12.320579842186444,0.013844053870976187
0.052373220323682225,0.3732176933856288,11.53975507961409,0.013860905102079551
0.052404821338088964,0.3697513942567961,13.191914371547231,0.015426408003354403
0.05544697521269348,0.3954427905714426,11.028226934231993,0.015838888272322098
0.05498039371897389,0.38694250250028245,14.710988446842386,0.019546286767633616
0.055599533934080445,0.39243552405810256,12.58484324557821,0.017693444238150287
0.05216893055994698,0.35534421864398713,13.264246246434933,0.014762111642522661
0.05346782409911502,0.3484301816682387,14.154934046418582,0.016091850084235172
0.05354450795279869,0.3567999281131152,14.40252011528112,0.01677896627659622
0.052273724573660155,0.3535878413400075,12.376134543563706,0.013890131006439876
0.05326917946368161,0.38089639213630844,10.795102439563374,0.013829377782629073
0.052158986584882376,0.36300557344240264,12.242147473501545,0.014065237212889268
0.052876802888590355,0.38017319752596446,10.22949882722324,0.012999316923190452
0.05336268293672554,0.3923414548506762,12.894583404500464,0.0166405575003853
0.05364072939540721,0.3555266573952109,13.354298853757616,0.01570693723942713
0.05297320171905609,0.36960050487559765,11.573888961101863,0.014078270104225816
0.051371181627670785,0.34860605976785913,11.947515869935255,0.012831307329147975
0.05319432338682112,0.3689201323529711,12.498422634740253,0.015135044060831824
0.05422885031563697,0.3679488765718778,13.4426899619945,0.01670979908508463
0.05436323344855342,0.36497556811290305,13.094906060802757,0.016281888188237118
0.05185693543933216,0.3524845907352034,13.466202444986376,0.014660119908246269
0.05255287598602712,0.36600638827286996,12.691533063145108,0.014850762698600315
0.05313406188660423,0.37927800324032107,13.07697493864836,0.01614425108545457
0.05448340608005828,0.38330785190012284,11.793312711344678,0.01569440292521824
0.05249345714437604,0.3746587801841676,12.415709930025448,0.014882719660112785
0.053845234153052646,0.38071262288216756,12.463776645670317,0.015965169102610616
0.051474512850775304,0.351267956871761,13.792798505533943,0.014698808081656165
0.053004204765211456,0.38287206715215005,12.67490734174392,0.015785185758221205
0.053987986967792716,0.4116212815666513,8.81551971657863,0.012975959536968463
0.051873018169661035,0.3592346511757763,13.664991258120008,0.015142284912224826
0.05289233543569884,0.3653922698945677,13.770570552320613,0.01612101002312319
0.054113187038820953,0.364019209411376,13.293457928477304,0.01630182476510947
0.05282146055287403,0.3656223350179404,11.553910856505459,0.01382668771416208
0.051749223717450624,0.35579010791102267,12.067872098443427,0.013403862346080193
0.05297547559733016,0.3846737916547697,10.529610467869956,0.013526327439247591
0.053143895542041034,0.3746921437243049,11.983621948409686,0.014797932193193428
0.052902921230715556,0.3853070216372214,10.588105308244089,0.013574586167225178
0.05352473782006023,0.3997780728326209,10.079059411776399,0.013834427279042327
0.05477347954496202,0.4112972876776209,10.824692597190436,0.015824990983782004
0.054254247745549156,0.3851140564253571,13.103644042303172,0.017121373623994827
0.052327393007931385,0.35696642709541593,14.49885793847385,0.016126475171065885
0.0536683525692844,0.3833016447818336,11.856861163330723,0.015298261380167613
0.052406039884468444,0.35799153455847926,12.048367090577367,0.01381215012578172
0.052842006280088796,0.37935449652580344,10.65820025431292,0.013408364107859118
0.05196311854489323,0.3608011998313448,11.711879263278199,0.013358428429892513
0.05331464885185461,0.36955475462968673,12.053469514719662,0.014762348593867384
0.05460640954064057,0.3824050922891972,11.623545513313175,0.01553463514772554
0.05368642112007041,0.38649612176920783,13.489427888972113,0.01725477994393018
0.053595915258422194,0.3732101644646931,12.160022477815433,0.015180315215033154
0.055572869076254604,0.4099073493139477,10.158899196338384,0.015392373762778655
0.053488444410470064,0.3599214363025842,14.165659705961364,0.016646428930472926
0.05431244987168704,0.3629686893957148,13.086355914214767,0.016152966727661602
0.0522408330237042,0.3501846839638522,14.233491088343806,0.01551419555446173
0.054917233262024655,0.41854566349095346,11.214607839276892,0.016680705872732952
0.052761158101473866,0.3628151951206392,12.12928988580261,0.014270344002898262
0.053706132784788585,0.3650602346172353,12.570969690609283,0.015342663000925783
0.0531271647182404,0.35961303730121646,12.851243592769745,0.015074104719904453
0.055327255859094614,0.38425293359816926,12.264125805274112,0.016778016349756734
0.05291987725321556,0.35777785455726546,12.789999237362144,0.014819012467541613
0.053889917309061106,0.3941880436171158,11.933995536253517,0.0159512289562232
0.05263249604635009,0.3652939677096597,12.098239496451045,0.01426643025284839
0.054305525932430265,0.3873512469202253,12.466782465749636,0.01652589380149213
0.05507259625446492,0.36732701436054116,13.847713976508343,0.01765592984539507
0.05493145176953516,0.39498902836077243,11.256128940319055,0.015799520479463845
0.05236912601549817,0.35562226391111446,12.31981877198115,0.013966163313606688
0.053848867446792785,0.39427272606675157,10.843985613957514,0.014684179792755414
0.051446851945489924,0.3461828809870465,14.548860256136658,0.015163214794804956
0.05256317840519145,0.3597281691897344,13.266894599721084,0.015173591624530103
0.053158625379563076,0.3712936479833019,13.40642351526066,0.01616466973464375
0.05284123028869047,0.36484610699675174,13.965799088311615,0.016264706010733838
0.052820076463272,0.3707672701529846,11.852378459223905,0.014329260857145755
0.05519796879299387,0.3962604564492325,13.496908417855149,0.018709922783656324
0.05282170882853054,0.3544867915984985,13.119916060106254,0.014954583833275548
0.053522474835859056,0.3572628990375087,13.162363863728437,0.015517694796493732
0.05441408240890963,0.3954116432707517,11.82015800721455,0.016180244568543344
0.05278088018386272,0.3761310519980753,11.567424875595416,0.014216407735697698
0.05211512900326831,0.35138879691853125,12.759456946026475,0.01408594290943039
0.052436023381179676,0.3529819272138403,13.384927498841613,0.014931636913223266
0.05123865200029569,0.3345874491686913,13.626095277362921,0.013726363806843455
0.05099122167028365,0.33758706223578044,12.699620678809445,0.012902764079520065
0.054507335825548994,0.3857473295446707,11.098968250657233,0.01501239311934261
0.05155407419177502,0.33965160895360236,15.284446285007443,0.01560325233359614
0.05143649143087783,0.3309277604791246,14.027030207565792,0.014032302219487472
0.05688232932981691,0.39450275274891805,13.169540114221984,0.019363202956856184
0.05491507120560461,0.37479744742304977,12.776590111119575,0.016701441363493063
0.052103156514049724,0.36651309122786235,11.022634782662621,0.01295735691121925
0.05378655656367718,0.3789575369060619,12.268497132017622,0.015642863807321748
0.055044050607761894,0.3855820371473465,13.371783061649644,0.017958158948422186
0.05541994685234891,0.38955475739794443,11.822283765481137,0.016537906300995515
0.05301898085286744,0.3746129089329215,14.049068371203827,0.016900335131379177
0.0524981210402299,0.3548171710843822,12.963650720077311,0.014632876630687621
0.05606227667558745,0.38764505174024205,12.531143897813289,0.017704167460381948
0.05358394121653024,0.3802488996370088,11.22212846361759,0.01443572651834327
0.053119786341002215,0.36747782699844084,11.942759644296668,0.014457477311355762
0.05373303774623077,0.3907690879054665,10.486309063600984,0.014087601854489037
0.05301600230115332,0.36813221324735285,12.957190836849254,0.015476323869348798
0.053015386591461516,0.3850762230887025,10.888897545434924,0.013949747295794618
0.05462937076233981,0.39459444128624926,12.606165242226634,0.017200440489625393
0.05321970379538252,0.3683975747331766,11.824283161511625,0.01442461695898381
0.051907718964083874,0.36017337658712706,12.14030950310272,0.013722537049975527
0.056030007738838115,0.37786632259445946,13.277765513677016,0.018123388158515497
0.05153030616893289,0.33667521215609564,13.734224261195937,0.01406636634679652
0.054181400276152036,0.40052864001212835,13.310599165804538,0.01800222611931407
0.055014531467417686,0.38808907918030905,11.599463546454995,0.015973792416788764
0.053310171257988266,0.3536582461876769,14.819308209773084,0.016904879261072207
0.05494709551404551,0.39906550721064965,12.088088751678994,0.016974060741344058
0.05363656603012311,0.39061883292083177,12.756627127839817,0.016582966074642276
0.05607549988593468,0.3822523067862568,14.316088802340149,0.01961157544036906
0.05386757413367072,0.37905730762275824,11.640962568173265,0.015003919548634215
0.052280156197745474,0.35743989357697076,13.55254493496778,0.015194214034507247
0.05287389936671441,0.36967631801525724,11.76997280104277,0.0142310646830122
0.05485206039441612,0.39520461490461944,11.7305636975128,0.016326619279782382
0.05343818364065899,0.36938733576239957,13.132576197463147,0.01596240212615285
0.0535272775874695,0.37513222582370886,11.999247556177362,0.015046634742865538
0.05265441731002345,0.37138948097387714,12.10443804100488,0.014522955559787812
0.05214018158119737,0.35473043772890495,11.947009221807294,0.013450072380069851
0.053265732255528615,0.37974974398093236,11.352310656059512,0.014386320169110121
0.05282939511377714,0.3771671917426015,13.287520104783507,0.016092452119330757
0.05420776096102137,0.373614236361143,13.06771773630472,0.01654222146573538
0.052949258962556436,0.3692420464831407,11.80499104991776,0.014291145853816275
0.05271667681457135,0.3668206004632211,13.507626423920293,0.01580866141942402
0.05306954862527913,0.3580297680019996,12.603077333961416,0.014724966311506342
0.05455735180672232,0.40342323144016246,12.942744483128397,0.017943114864602323
0.054329350235283125,0.3837490851887544,11.14569575673774,0.014890180145166467
0.05271759632863754,0.35319775879275794,13.368833790717053,0.015085859321556839
0.05419579673902276,0.37172606208777814,12.701328920312557,0.016051322328300057
0.05244350439775065,0.3670843849339743,12.866572902004297,0.015009291243811734
0.05461132028704862,0.38438802681128736,12.259318676508157,0.01634684628814383
0.052397547109952314,0.3710616143308493,12.529641427508146,0.01480208316298724
0.05361036249849745,0.3543823416284816,14.024777929335226,0.01632155680649035
0.05399870196940037,0.3642021008475313,13.751269012845135,0.016727253399004504
0.053342088932285626,0.3933092175891126,10.432965405763335,0.013913900332849003
0.05367036424947142,0.3858141637390048,11.931452851775678,0.015482591743617212
0.05283264652176089,0.35563992703610414,12.557853814658058,0.01445148907097867
0.05328858325562694,0.3714078976477741,13.326217720129847,0.01616420960351946
0.054152039707499246,0.4110203594571937,11.024382080684475,0.01569820882272515
0.05475393950011623,0.3850190946905238,14.082690516401176,0.01856400671340361
0.052655146567946017,0.3609833619504857,12.021968792507588,0.014033882418470665
0.053439506129621284,0.37292236393294703,12.166722110213255,0.015087339924241225
0.05297390436794436,0.35152401416385726,13.847510313821578,0.01563291650772867
0.05532555451436872,0.3937285562586405,12.195572761033425,0.01710808444727461
0.05236909812840821,0.35122697536464087,12.808446002042722,0.014264203936843724
0.05167725302393826,0.34964167774914173,12.365219205979468,0.013413258462458652
0.05326463105339354,0.3906009466165044,10.050184893992487,0.013353799412179727
0.053364065110867026,0.3877842409461639,13.477158553286266,0.017091461394812324
0.05443612083219869,0.36478654275982214,14.723841137397391,0.018077949996288936
0.05274753657844635,0.3763581099442899,13.278390346279386,0.01599864656936992
0.0539437584674377,0.3827512259856163,11.556393260765894,0.015098825071912946
0.052173940752184046,0.36083845763423134,12.940146186034635,0.014674893094740973
0.05373270933017683,0.40361265786449846,14.053888574953465,0.018707790627858007
0.053525169741311066,0.3766165982194355,12.432937419071187,0.015572928559124871
0.053403492121057536,0.3724194787800283,11.827835461626904,0.014686756860716108
0.05317952610545818,0.3695493396011637,11.669760906951517,0.014286382541323505
0.054762748822651024,0.3892578129434416,12.833810802716744,0.017316517362819264
0.05573994143867184,0.4105761464699433,11.937356051664079,0.01777899162579288
0.053099455327502675,0.3709497214263637,12.208944903326366,0.014861307215689979
0.054400048272831555,0.3942561043724387,12.624252705344993,0.017062814900246238
0.054470893201612434,0.39866983495276964,11.207671671196165,0.015623151141055485
0.053111355371082115,0.3857009968994705,11.494232250593226,0.014681610932532611
0.054347444380663246,0.3635248434112206,13.101189828886922,0.016214498334306635
0.05387871760446747,0.358326907561979,14.765710410814933,0.01743957441977635
0.05435054196989411,0.3703502738647513,13.596755042823371,0.017062972062729425
0.052473934897782085,0.37405039075826985,12.572293203110688,0.015008776069385736
0.05400189082259067,0.37934197083762705,11.433211711134081,0.014860338032852298
0.051934329074203894,0.3478961278070372,12.740617279242226,0.013831660364047125
0.05282870123972156,0.36964506197154523,12.95534269902555,0.01542840909936917
0.05180410533866956,0.346660500165086,12.783069502225304,0.013752996536528887
0.052264884539887806,0.36320942577136395,12.5285900790199,0.014414532828421625
0.05266086353184808,0.3530479972196359,13.977865834737747,0.015643303635526726
0.05520407270755468,0.393121749572317,11.829487853871536,0.016568203019404412
0.05274980928619409,0.37859297849664464,11.226850124552936,0.01393383858758022
0.05306902025756133,0.38735224985378613,10.36624593657953,0.013490439605215728
0.053727634236907705,0.4037850037821631,14.111403951561194,0.018779283055507752
0.05256970570204029,0.3601344669970758,12.156973260631455,0.014089844209374364
0.05291804457508803,0.37999470423796816,12.9428757953474,0.0159008121292386
0.05551451276761331,0.40592236365178974,12.777883903365527,0.018487078874869417
0.0510898759311803,0.34005606138742284,14.285355497931064,0.014454978824787865
0.052632396600861255,0.37910908314449865,10.660270607492004,0.013295769284840463
0.056034157143688264,0.38328722608104165,14.190866062712853,0.01948498668054466
0.052734416631155016,0.36076827589069776,11.964861765628473,0.014010488374535321
0.05601155689251214,0.39894141890539286,12.480867544348245,0.018124206343814495
0.05287773842777826,0.357543675670292,13.382346318053301,0.015377914066905975
0.052056873807145826,0.3543964581515843,13.205850038939733,0.014603476071944435
0.05226073218806328,0.36436766565391376,12.709501800364933,0.01463823699266217
0.05368891239683019,0.3679245851633671,12.322644132773911,0.015189770873999642
0.05601113967439617,0.399969388565551,12.692103255789277,0.01843569629062418
0.05447192502830543,0.3623568113663129,13.636678753944746,0.016812271320916974
0.05366020179679483,0.38629814033035653,13.328665027671379,0.017050281531107242
0.05392418989341101,0.37854289041351763,11.496549368865843,0.01485610979172222
0.053197335047527515,0.3686828207091681,11.482323998637826,0.014066868070112528
0.05448985296867251,0.37281092665847526,12.962127974679793,0.01656201866185963
0.05396574481004828,0.3947241207784844,11.13264782335536,0.015096710077316118
0.05419933416936531,0.3987042658419965,11.998572716635335,0.016395419855056027
0.05361063087792007,0.38291051995517456,12.717686982811038,0.01619715342941523
0.054533512980502734,0.39198997224436266,12.453333736359573,0.016848837382637934
0.05309308885717364,0.35891590773321375,13.35891149065902,0.015539216950115514
0.05241086742550256,0.35664913667447773,12.733560155296347,0.014434161918466637
0.05497028247248311,0.36451865296484437,14.787661396041875,0.018491234023206363
0.05299919190439339,0.36701565609921416,12.383904755679291,0.014828590943486514
0.051638853703196666,0.35040766037249843,12.564023575141302,0.013608433998275236
0.05378665700080975,0.3941920148356439,11.950419284239757,0.015909047849072825
0.05340980996863694,0.3885264345953592,10.895315371855162,0.01429205260569048
0.052966763215550695,0.3713523366414272,12.34813450658484,0.014948185153103977
0.051714327327505416,0.3461144101031592,12.531443792871817,0.0134508647995814
0.05347795825768447,0.3843173109729253,10.946375863949694,0.014229439527202088
0.05548459714379351,0.41202805415296084,10.848574659933082,0.016297711057653305
0.054970780164884145,0.38898051059506084,11.25357916249511,0.01557847062920906
0.05194179329041415,0.3414808411337237,13.352016270737098,0.014143784923599606
0.05449360994505842,0.37149832612027506,12.879493127635632,0.016414821183840633
0.05458499158136915,0.4020467428153942,12.078602860630546,0.01686485461091531
0.05186165763638355,0.3514880347616209,12.71862892150576,0.01391459881993946
0.053147022056148845,0.381620975739468,13.119319271504663,0.01629755088914979
0.05287595421933193,0.3785375223615613,11.945598449269008,0.014759190113616944
0.05569218443307979,0.40569728727684745,11.784145589228473,0.017344846498230867
0.05207668253981392,0.3541587119162502,12.735339701456388,0.014152876031367466
0.05393072281893398,0.38859346193397964,12.561926174773836,0.016458369051197443
0.05201892824170529,0.3639893442590048,12.328808730057892,0.014113071948053953
0.05267945803777247,0.3654218105169366,13.620696055838081,0.01584081214555892
0.05414519239611777,0.3853941987004892,12.285066508326125,0.016140137944723413
0.05530491309366973,0.38892094526125215,12.746464567522471,0.017541901686916772
0.052939960598215104,0.38118707407075636,10.181693421778183,0.013014067598809154
0.05281196099180708,0.3717555375942402,11.690210101083856,0.014194893787350192
0.05587933961886803,0.38904849095559546,12.532695243280351,0.017654378419201658
0.053562605993831766,0.3744812285679233,11.904461814387865,0.014938522103613424
0.05282653949457014,0.3516474227745594,15.672417148571078,0.01734234085167546
0.05314977887865045,0.359331687247474,14.816451835781761,0.017069971990751845
0.05371069609365591,0.37415495818033784,14.450456940678848,0.01775624105432975
0.05408517798503105,0.3601946430633479,13.91347656409028,0.01676713437637148
0.052460363212987166,0.3720576383012739,12.152718991584516,0.014491478435365385
0.054174934496512096,0.38346269709816094,13.699202193335903,0.017668411081335492
0.05507873645918141,0.3787585161250933,12.271820940800065,0.0163987117511639
0.05326618424745093,0.39077354933364267,11.2068734694605,0.014642942281656393
0.05304280762620926,0.36499031517348035,13.273491390080244,0.01568457202352552
0.05251390258466453,0.37080863879356885,12.595500278008545,0.014925105763770196
0.05272206726765864,0.3564237618854357,12.296212387817857,0.014163562489061475
0.052116668419747464,0.35871014090149655,11.951269719178292,0.013592854885315036
0.052844831185803465,0.37531582016188986,11.608500345883531,0.01426304227460633
0.053832827293577815,0.39187313504453225,11.852418390695991,0.01573133105629615
0.05292268271235561,0.38609018142898804,10.097292051982548,0.013081592749402066
0.05242720379447207,0.37256696519117244,12.45234822052467,0.014799810401519984
0.052972259915534343,0.37206464431460085,12.252736544089984,0.014880367700184782
0.05540137247394197,0.39427666396612254,11.741914776249592,0.016629889811534217
0.053991437755098196,0.36200236716596773,13.020660583178993,0.015850765035506236
0.05471620590269635,0.3874413125227866,12.083833328341719,0.016336490122728507
0.05198766204364646,0.35848586739709287,13.077124238402057,0.014608012329990528
0.054840170817338836,0.3882983833588094,12.210489552792763,0.016594807533210743
0.05271687677697358,0.3693395660390061,11.652928987432796,0.014013641751289416
0.05213943859630237,0.36141801946503893,13.860469088403658,0.015583267681935834
0.05211769723156934,0.35724217957914695,11.868938143681259,0.013457871548216148
0.05098464959054151,0.33855619891563815,13.053410283593951,0.013247823892676787
0.052985826648291406,0.3829311442857754,11.949574357165574,0.014996885451985504
0.05450924528099221,0.38657244112045325,12.567441483241296,0.01673225636052294
0.052736982536682145,0.36388990575218305,13.525647462208813,0.015712680622733607
0.05287282384830096,0.36977093609503336,11.981435138900169,0.014452718269531853
0.05230309295529058,0.36036661830799954,12.49699300441342,0.014291480699899616
0.05182912744927848,0.34988358796805796,12.371567914615785,0.013507516850156364
0.052898677963928796,0.36925871100480256,13.189330323500247,0.015694916621503487
0.05319305517261974,0.3741761614888413,11.705208865081904,0.01451014137600214
0.05128061990306255,0.3421093429589051,13.146051018335381,0.01362607839455559
0.05223569043379861,0.35162234778841367,12.323315832910932,0.01374215100985595
0.05305188452515799,0.3707167740082123,11.237596325550212,0.01381188653211172
0.0523978114172537,0.3606448058703545,12.293850532128712,0.01415321855613218
0.052193990014335126,0.35475403936164923,14.682785296136162,0.016122667814370616
0.05356944550713189,0.37937244363954364,12.052147380684195,0.015298286155184295
0.05372697299900426,0.3815520471999508,11.09195787692556,0.01441926532457296
0.05280608887587152,0.36679669638646994,11.629417539920654,0.013940254950201372
0.05503965355153793,0.3904348860483883,11.392582827268164,0.0158403341886572
0.054963226061339625,0.3772222571433293,13.342499234799927,0.017483881367193886
0.052800222980848535,0.3760535727875269,11.444478841373455,0.014095004029555025
0.05308304695164138,0.3628799961805423,13.444962616829027,0.015792888759735047
0.05208350512383475,0.3659063682714283,11.845819052216061,0.013743236724610156
0.05447019098658693,0.3718749637629728,12.382818088931264,0.01586933486370146
0.05294123836919074,0.38600023918729953,11.05126051327942,0.014119789559600684
0.050703448932685184,0.330215328586275,13.6231791767304,0.013262996237817258
0.051632134716293104,0.35435351938555776,12.5779545369884,0.013771254500540139
0.054213437663957434,0.37183195489414445,12.422972144629231,0.015762146802194225
0.05305133535920129,0.3653166582131868,13.047786569672846,0.015471582556341795
0.05194228880356953,0.35999326458881076,12.608012210590118,0.014188211825376397
0.05279586120664703,0.3788489358205721,10.731626520944294,0.013444656748444493
0.052549416971068325,0.34963426516123725,13.226992265060755,0.014701576874445078
0.051866695239551855,0.3454647849846419,13.023979991851856,0.01396258837614386
0.05350829641327508,0.3607321013183692,12.798527577124414,0.015284299745367179
0.05283692933243208,0.37525127348155457,11.594753954226228,0.014241924106759856
0.0535339119800643,0.363151414288025,13.189783252834365,0.015808740760770115
0.05310315864372115,0.36634893606549407,11.828016452315941,0.014285502801388345
0.053533218433274375,0.3616430465034555,12.904062209911164,0.015446549550914533
0.053530136187431694,0.37073034554651046,13.778382703521586,0.016761671237535598
0.05292324151934895,0.35953820931599406,12.975924874303935,0.015081049906661863
0.05479351274612283,0.38434241097203087,12.780018608460885,0.017054994269862914
0.05189643934477248,0.35856332916607364,11.729557943449345,0.013258596350312334
0.05395685192708532,0.40316043554943065,12.28668058416841,0.016768817842428705
0.05283144618746612,0.36943194165217363,11.872954037780689,0.014305017322185839
0.053654199384150426,0.3713025303592658,12.309926716709821,0.01529581971650877
0.0525950407550665,0.3683229818906663,11.351460752026355,0.01360339138364172
0.05386843955062316,0.37622592955755024,12.679608844030701,0.016026253117955625
0.053473990532737874,0.3826292692876487,11.819857844809112,0.015120527898542018
0.052694628260559054,0.3493207442144146,13.07569946399906,0.014622934613628426
0.05184741210053299,0.35207914890962944,11.977792301973185,0.013229183991153403
0.05205199624886656,0.35667600558825496,11.68148936826824,0.013221540244387977
0.05163538113319346,0.3477380253223934,13.383812919619078,0.014263002143144271
0.05184812107328822,0.35342421069821756,12.241774068672889,0.01353089219180027
0.05291763331674235,0.372555377063612,10.954702279993281,0.013515094844257211
0.05455916959927676,0.3785722875027385,12.510640519199539,0.016352001029482432
0.054749154968552136,0.38655683926817586,11.511819224640501,0.015656043830914363
0.05333177680757446,0.3664602060506457,11.974640199529734,0.014565975072204813
0.05356135022050569,0.36508091720858865,12.84220411457062,0.015544994255655345
0.05697660358687599,0.39005069663864717,13.098638439594886,0.019118418211005055
0.051596389260863365,0.35017070915043463,13.003387251053873,0.013986458329511443
0.05435245795570946,0.3905041935977651,12.44887077142301,0.01666855630685301
0.05387374759698983,0.38375692939048517,10.783270683469315,0.01423811807274121
0.05527399819582525,0.39854093371593013,13.871936622417822,0.019326117455061995
0.05362096450019297,0.3773764710487948,14.084851156830236,0.01745263911604729
0.051180704761487256,0.3367093793257826,15.37217268863648,0.015322226420638838
0.051841645590224604,0.34506501550601726,13.300025809694286,0.014188962841782697
0.052303601193777825,0.3488599792850826,13.164909456969898,0.014472853165557218
0.05283830916494706,0.37006552310237223,11.571407006623923,0.01402172110828534
0.05328266355024974,0.37135187801522035,13.807456450400604,0.016665543132477287
0.05359663920902647,0.37281771158800014,12.292172663423585,0.015306288914820313
0.05511413525649792,0.4041886935862195,12.36557937397646,0.01763734874215233
0.05445590458244197,0.3767351993772714,12.527197982915913,0.016229607166672773
0.05722781479490129,0.39455700971228996,12.644415801776788,0.01892326803278135
0.05354505802340221,0.36183236270403846,13.358203780908102,0.01593259882099308
0.05453488636759923,0.3561678193655982,14.177479446745892,0.017136193564565964
0.05226731819889519,0.36741214777616915,12.177079265721922,0.014229862823872568
0.05426625914898296,0.4197675821241792,10.10013607221887,0.014957496811206887
0.053578207202586076,0.38188408170188803,10.69394348983243,0.013915681217713884
0.053518232452576205,0.38394956540840053,13.389078786923847,0.016923505486579248
0.053292655705766634,0.3577810413726401,13.833698039661439,0.016089198421222296
0.05388182992208824,0.3882196443450999,10.992414712057318,0.014643741552572398
0.05257039161585221,0.36826545997832466,12.179086804760532,0.014430842061886787
0.05391385653261687,0.3821426951364551,12.105563019371957,0.015668116246425796
0.05206111213344848,0.3623682788219356,11.73630002483485,0.013491083299060529
0.05546465958886136,0.37547959517261575,13.705716272516046,0.018141650344715727
0.05279091855323622,0.34342548505217335,14.721081167357061,0.016003512477175255
0.05254825262701655,0.3728428301943586,14.40970823241666,0.01689441715465301
0.0562490246344231,0.3832573036037803,13.349713325505967,0.018613185302859138
0.05341017072371241,0.36974307525213607,11.63428123461636,0.014380706719403323
0.052939580088216046,0.360809244883411,13.696285984492324,0.01587214214018561
0.05499485229460028,0.35590204537672887,15.313786304515366,0.018636597114793232
0.05277139719339803,0.38278717255918976,10.700856699842006,0.013539030843407613
0.05550333105077614,0.3761300314744553,14.751787867351979,0.019410524534040047
0.053712035817895076,0.38424852376700913,12.466530739241202,0.016036878130980627
0.054735887987230565,0.3648536353576049,13.88852494664954,0.017367871380626194
0.05324993546863438,0.38221926442251336,12.45143198449954,0.015662519590220022
0.05422142939053352,0.3779392914600493,11.89454640507253,0.015438615198726174
0.05171304643639587,0.35433955611338935,12.687289803320843,0.013917510160461376
0.05155421555586386,0.34431300549246996,13.569709524246402,0.01424827549220803
0.0531559416319479,0.3803844255184584,10.701115843505246,0.013651118472069537
0.05225563739015067,0.3699541587902717,12.454256900776366,0.01460192057855149
0.05495008365747326,0.3832942877583894,12.758318001710997,0.01708071030134489
0.054204077302004765,0.397212453399367,11.050049308974764,0.015229965537371817
0.05280094920416591,0.35363958119771294,13.371724996486073,0.015155383612006409
0.053272139606265034,0.36633830865989553,12.900686574239712,0.01549133678642789
0.053610026344416306,0.38541536780914804,12.842706603051438,0.016441224953982477
0.05297320267143113,0.3870811857394942,11.854925582661117,0.015049383906533086
0.05281172420572635,0.3695582852333486,11.818294488944066,0.014242888698513175
0.05407608786610525,0.3849713402297612,10.918067528528983,0.014542413175550576
0.05273437103319523,0.3712103627526004,10.92137161833652,0.013338784295122464
0.05303113747562128,0.3523066789628597,13.539411163336712,0.015396333845227568
0.054462250075085386,0.3777914907810013,12.854576822781096,0.016645759512976564
0.05159473655716314,0.3522095650750706,11.994856528003513,0.013121406653571756
0.051997675659280394,0.3546161975091049,12.193518391344105,0.013608695445442952
0.05596125200899514,0.3944848458498849,12.438705047770991,0.017837476493634555
0.05493793875117495,0.3579742074969224,14.362934114383174,0.017678997714529004
0.05506530745349161,0.40033759974309435,11.839152781893665,0.016799332337454363
0.05373177679174308,0.37278692535340197,13.63181493222065,0.016824124779522418
0.05320471396881659,0.36490875660902555,12.938853159154794,0.015431273513069743
0.05449343618033372,0.3725594113351726,14.706669088839048,0.018483056761609086
0.05372756768354181,0.3791345119055175,13.004440822020948,0.01642129844378318
0.053150018126900664,0.39045932218969776,11.679616504528118,0.015088864290382253
0.053145665178314816,0.3823779127480445,13.91462192276169,0.01718797914925154
0.05178466530988337,0.34721364955473566,12.741967680436797,0.013726334933773182
0.05375243696126152,0.38051362496308005,13.315995309297062,0.016838823849153767
0.0538616061386327,0.36939349994420423,12.00327840454151,0.015006436400980101
0.05386254177401652,0.3892661861031,10.780886473699775,0.014433821997147293
0.05290450731742808,0.3631731030664226,12.100707099422719,0.01433309293709619
0.05309101576212052,0.36427611774888463,12.128830861754121,0.014507046219366342
0.054972111260204015,0.3917684543997059,14.061616214969412,0.019015315749520024
0.05147872999424501,0.345862184657472,13.383451921301205,0.014099786193590447
0.053127556005749164,0.3657470563655054,12.059246479450476,0.01451384764503864
0.0530632636929039,0.37036470063480964,13.349639741011838,0.01600721176998782
0.05236219538041307,0.36214332942988997,13.390078941230282,0.015281184920072141
0.053506841564876235,0.3880578198532984,11.412692854059884,0.014901536496693119
0.053338979980479484,0.38085839168017593,14.372182481045428,0.01774024111474054
0.05536060516804501,0.38503424595218694,12.025555951954132,0.016550880438197316
0.05383337381287358,0.39239376940131304,12.955180114939552,0.017006578488162435
0.05346723016855781,0.36903273805657877,11.697048571521472,0.014449980601382476
0.052601193380038436,0.3618654169507289,13.227119898433394,0.01524600444154606
0.05381706764721558,0.378912763567144,11.403026338535026,0.014708966762982612
0.053063256549169165,0.37618819801975784,11.023092676248329,0.013794535996885345
0.05239675287579483,0.35589042428335504,12.803396711946789,0.014463933895020964
0.05222476477736515,0.36474054285023083,12.06910938905401,0.013995990261653593
0.05565809830395956,0.39106652771555367,12.41951693617865,0.01746859933202541
0.053094439818964785,0.38671963598103204,10.867872261004006,0.014028171007762564
0.05318271566463918,0.38761999805567715,10.056867293821448,0.013218484789937993
0.05283947066464304,0.3686931156020035,12.727112005007973,0.015160011638948446
0.05158873016043356,0.34542140543847083,14.919640647708047,0.015554285198711092
0.05561632263011757,0.40943960968209325,10.977305889738698,0.01643534919006742
0.052275455090369745,0.3684502029091819,14.51583070912409,0.01662933442353825
0.05234461206481018,0.3716598308298679,11.51560144986371,0.013763375942656579
0.053109445883590706,0.37629251574669115,10.991383397757795,0.013788738034621701
0.05395329785793711,0.3520542634526482,13.954589664883775,0.016350507558082254
0.05671001207048208,0.38366672129335777,13.523854944997556,0.019154604369140876
0.05331633046948236,0.3601105181459827,13.357709731048676,0.015721093974812674
0.05374094281272811,0.37732981330919163,11.248338110343727,0.014437536210008643
0.05312743930494432,0.3594368276942562,13.17806442445354,0.015398440247713929
0.05262353052141833,0.3532989410551717,13.212149581902185,0.01488308239758382
0.054590877845393036,0.40022718894220105,11.057221737059812,0.015573905097865352
0.056830976017158946,0.41644112355718854,11.692384285927062,0.018416322787014355
0.055376348577557626,0.38644805490183126,13.437348103210585,0.018294159216931078
0.0522910964332037,0.35917128133458975,12.781655367611773,0.014517110175758302
0.05304071196769687,0.36666625622863064,12.711668054099752,0.015175798498595615
0.056853991851814556,0.38405436969709356,13.897776478980974,0.019735631305120564
0.05388329778899072,0.38192199996871823,12.726147551618832,0.016329472625370354
0.05442465321850415,0.3886814427912224,11.659059985655544,0.015725554187830674
0.05321252387943306,0.38062217697224165,10.47698368260819,0.01344718600368389
0.053792328303959185,0.386619731192195,12.847528324823605,0.016610352984329915
0.051814342347359016,0.35635479428263567,13.138996941575732,0.014483705571135092
0.053426348609652174,0.3811678263954584,10.846044147231295,0.013976442206441852
0.052703978458560154,0.3782388616937384,11.788039691363169,0.014486233218279809
0.05354578588632635,0.3755848662982601,12.179714746154865,0.015269547697909747
0.054151857238431106,0.38472953672015126,11.307054348090428,0.015012885503874465
0.05555873501239053,0.4035862964571321,10.985563564810048,0.01617714625767566
0.05368701265634593,0.39740664071843546,11.143545438524539,0.015055186111328297
0.051199157623868244,0.3412806900269768,13.357411972431048,0.013739008179404733
0.054164919868551584,0.3798784456159129,12.065426185527139,0.015675945979226932
0.05342826017654176,0.39123445432765946,11.710444581023925,0.015311956837518091
0.05353896394646129,0.4019687896526306,10.975264718126848,0.014950251085987711
0.05395049950161505,0.3876607210312349,11.103315789861059,0.014785089123102698
0.05361483148430733,0.37715845071895865,11.293791387717773,0.014412608609431457
0.05243158594183662,0.3621007729901653,14.105146758159025,0.016031720303665946
0.05319499445412388,0.3831943270751965,10.7351130963791,0.013809037629655819
0.05221477669695341,0.3680569329445591,12.01870317788035,0.014067265791421113
0.05544173359903464,0.3694112181894076,13.74907553818531,0.017882932994404778
0.05373023588789878,0.37696880346419814,14.21622593407718,0.017647886098589947
0.052853121938316205,0.384179384513895,11.58009153044863,0.014573975809682574
0.05288146340996556,0.3604127963056601,12.728973594943492,0.014844979962264021
0.05354714697115843,0.38046375644096625,12.055929026685048,0.015333649070182377
0.05220333566770063,0.36516850543105994,12.540400163542246,0.014469921710325266
0.05298418135735407,0.3481859682471231,13.715374765228963,0.015361317461282779
0.05356820057489602,0.3582391650726365,14.354972337238749,0.016812681824932247
0.05339137550405812,0.37008815955734226,13.691647460161427,0.016554495581189974
0.05280453563268044,0.37786084123200475,10.869448621660133,0.013559206754206314
0.05198877732105434,0.35590931716038243,13.596020619039301,0.015002801579559513
0.052210438786193955,0.368697036113695,11.792570150977767,0.01386211617244309
0.05332632003988692,0.37402745879337174,13.285756661402912,0.016258244776472187
0.05261775375051584,0.3777818693099807,10.349746556710603,0.012917062606267505
0.05522333143532081,0.37614006291822094,13.185851335663664,0.0174194300861828
0.05670415831032277,0.3928890105239618,12.319487679111573,0.018089525625589718
0.05510659190451244,0.367209630498656,14.197665813880183,0.018062322921450776
0.05677962206183824,0.40466500297838537,11.332203300431862,0.0173933232755499
0.05248305108983712,0.3694166787807213,11.145247974398105,0.013375912898039062
0.054598930083944695,0.39959744492925203,11.000497816972967,0.015486417030421199
0.05331389553755814,0.37838830042754373,12.472104080684367,0.015565038899638903
0.05463889317878243,0.3804758773935179,12.443470102768671,0.016405990680322242
0.054661670314019736,0.38184475481004837,13.028755507238696,0.017146506381739864
0.05462713597300233,0.3820773936166042,13.891427741568858,0.01811887059658762
0.052129770287406195,0.36632431718383573,11.225672590748113,0.013166039037218684
0.05293916512243519,0.3758659592041456,11.635709214667445,0.01436365291359409
0.05342113961110633,0.37186980581290574,13.543582944709344,0.016495608809929462
0.05299891964933779,0.36227589733286464,12.525747281857324,0.01478127709909725
0.0557953932925298,0.38139061735680524,12.94908613554896,0.017749304308631125
0.052519168248018985,0.3741523790939582,12.372939508058598,0.014833027019793086
0.054749206688514115,0.3758059254829319,12.617188261169302,0.016465810969116656
0.05341232869251305,0.3786504259186437,12.333666613417233,0.015483843550283483
0.05290093156160013,0.36918388851226963,15.412515744219377,0.017989989156867413
0.05448733089099807,0.36816523133506074,13.565096924437817,0.017013186782314952
0.053731479931996964,0.383076540104687,11.217259844198283,0.0146178866333851
0.054401598327914524,0.3846420817052899,13.498637924559773,0.017643049312511636
0.05241524015174076,0.3680518056766741,11.363936652496923,0.013513209846638763
0.054065531650973005,0.3773854905565714,11.551538363070293,0.014949089895793587
0.05355637641098254,0.38324158491655663,11.475308434863454,0.014812682446390819
0.05217553105289013,0.3559123342321849,11.919196583732004,0.013486242467978568
0.05328836369718897,0.39480948194900567,13.476961922110881,0.017351541287517695
0.0544286061851072,0.3739194367155566,13.702963236854481,0.017394585357232137
0.05312427599275552,0.3767165015687242,11.535425192063315,0.014390391051690557
0.054442343349762584,0.3978818847772856,14.106136624956747,0.018994119486185537
0.052435080601867204,0.370283504659375,11.019178598466578,0.013254453631911961
0.05375072309488657,0.4038564536520951,9.720821472854292,0.013675830217107967
0.05316369324022546,0.37452114909566897,11.014664137822638,0.01377652228408986
0.05552252440431355,0.3874948084144456,12.108678435246865,0.016853520388195355
0.05206789052815157,0.36153169312623734,11.816319680253372,0.01354187231478804
0.052057518536974164,0.3652510028130228,11.406102498200822,0.013269693061097885
0.05449499032844125,0.3758682073698765,11.93867978352391,0.015558595624484653
0.05368159573625944,0.36632695147325894,12.130719629192333,0.014917085731418468
0.0519843362271602,0.36095368119529697,11.821318405706855,0.013481740184802726
0.05293080324958327,0.3848377310609948,10.966757405090055,0.01398060612390175
0.054173840106377845,0.35609921570978115,14.484919784819601,0.017228088679227878
0.05252014610228358,0.37648187759109397,14.67608158303859,0.01731768907534769
0.05359529412674674,0.3649691992322902,12.825594884836296,0.015542528079235196
0.05330732122645949,0.3676910808330331,12.77932690536965,0.015442281637840213
0.05355912026829875,0.38907645847230143,11.044922919208052,0.0145593954187311
0.05344944319910321,0.37414155618554257,11.314915985570941,0.014231830068293871
0.05396890210979276,0.37565971735659526,12.57560413249474,0.015948078273703255
0.05406042570866613,0.38996671409151096,10.409362206620084,0.014142817026267648
0.05176429644022819,0.3459083663243584,12.801988317310435,0.013719609636330083
0.05274337888733022,0.3520403654117037,13.497407067706447,0.015177051253303903
0.054749055089417645,0.3804676563300923,12.47974656419661,0.016513227341230754
0.05310073023285178,0.36482619865980864,11.839210225127246,0.01423633868961084
0.05396904156345809,0.3706226643962744,12.722120100955138,0.015892482474286887
0.05266433198891074,0.3799304815526888,10.878025403141246,0.013570210210540484
0.0530007195923265,0.3607471322077547,13.03368216166172,0.015234625532403925
0.05362677788013156,0.359962258711006,13.713538883372326,0.016266509826992792
0.053475638108574454,0.3982898084198516,9.293746117908142,0.012863204242836561
0.053286957295398237,0.36157269839031236,12.451724195951794,0.014837377289033718
0.0544153772336257,0.372560469132168,12.352084152535188,0.015832701811694643
0.052772569421032596,0.36283598169772524,11.880877641480863,0.0140263203729984
0.05367940215791159,0.4016593890905316,11.1346567675329,0.015201694216447646
0.05153229549246506,0.3488820838642068,12.378284021127516,0.013321241532770013
0.053587858469275704,0.3838818587111655,12.244996624367154,0.015703365639194763
0.052652697816690755,0.3678269780680913,13.389617934317185,0.015693242081356598
0.05623261241792687,0.390008754944883,13.3034484728552,0.018872967067983044
0.05297743215711941,0.3681002577416852,11.682916589409459,0.014136002361784552
0.052824827305393014,0.3834431842031615,10.900918114466162,0.01380377313380227
0.053272243180467575,0.3784951491891411,11.626328533767998,0.014636631615825811
0.05311907615438176,0.38057345536104126,10.99173376436291,0.013951041540741855
0.05225548495617346,0.361601970469391,11.49426219288056,0.01332427838134386
0.05441367705340477,0.3622054694522468,13.812507863476183,0.01695789367847089
0.05159532765196045,0.3464857189084303,13.417284428617034,0.014220470742644343
0.05335359536134373,0.379165082726633,12.423126449450208,0.015567365741030658
0.0525647863264367,0.3701687890214901,10.860131275928348,0.013153308516555117
0.0534754028287508,0.389550064196459,10.792618043065426,0.014250524295777084
0.05597321820411965,0.39708109552757004,12.52101679685235,0.01806495126714867
0.053357176165850895,0.36251709195709086,12.465703806300956,0.014929791078555561
0.05219551069849134,0.35672837781453703,13.648604024194634,0.015208261189722039
0.05345765410216972,0.37634815414609485,13.862965970527343,0.01706058724597471
0.05298635429714564,0.37295156771694543,13.579195624928841,0.016312688605213944
0.05344004309241046,0.370897921740637,11.877750231343818,0.014699652429981105
0.054409917597483856,0.36455676737227094,13.266891741087846,0.01647676421463819
0.05356410998204805,0.3634943006720309,13.121067101875681,0.01576985981305264
0.05625964795703638,0.39248372210630067,11.972739599207754,0.017357902135675656
0.05232188157333341,0.369453976030816,12.17386222859361,0.014335579673629617
0.052997134149553815,0.3668271202705817,12.656888521797143,0.015101079438661473
0.05292867801004896,0.38426801402849864,11.300757804478385,0.014318341452653024
0.05489224452049946,0.3749968903404111,12.586867473757355,0.016482067262884013
0.05164612981745618,0.3434798591490616,12.721502123404514,0.013487422654301067
0.05171201677470283,0.3427968764399166,13.038296783236252,0.01378537100379266
0.05389013095412748,0.38330308406169666,13.569447614587613,0.01733141398374259
0.05280911758283463,0.3536568615335083,12.837572306613934,0.014633990146445848
0.05325178127458405,0.3865310226170428,10.713608137271601,0.013935464718901544
0.05477977367292685,0.36947400095579236,12.883308976595147,0.016501516138112834
0.05294342213483559,0.38404540881908183,10.886640600854836,0.013872231041231548
0.05434241810181251,0.38758028970480013,11.116687748497219,0.015012872008750887
0.052766969073999755,0.38097367899456464,13.21731772489146,0.01614200131808332
0.052142372722667286,0.35635232715599824,14.624675312610815,0.01610698858237375
0.05184137338302677,0.34855131369057823,12.883068264159583,0.013941586395127548
0.05342580439319762,0.3594642960661991,13.564577992960142,0.01596964455392969
0.05243949255253263,0.35860045293304477,12.895115966691709,0.014688305049149449
0.052995513973433314,0.37695744637241085,11.4093092389707,0.014196358240302104
0.052471396991713486,0.36409920344549546,12.670370196943713,0.014706389219375546
0.05196273299672568,0.3628954998289695,12.87407805686621,0.014574565241776938
0.05270056472083603,0.3676283599677022,14.23484672400907,0.016576305322602063
